-- MySQL dump 10.13  Distrib 8.0.21, for macos10.15 (x86_64)
--
-- Host: localhost    Database: LinkSkills
-- ------------------------------------------------------
-- Server version	8.0.23

/*!40101 SET @OLD_CHARACTER_SET_CLIENT=@@CHARACTER_SET_CLIENT */;
/*!40101 SET @OLD_CHARACTER_SET_RESULTS=@@CHARACTER_SET_RESULTS */;
/*!40101 SET @OLD_COLLATION_CONNECTION=@@COLLATION_CONNECTION */;
/*!50503 SET NAMES utf8 */;
/*!40103 SET @OLD_TIME_ZONE=@@TIME_ZONE */;
/*!40103 SET TIME_ZONE='+00:00' */;
/*!40014 SET @OLD_UNIQUE_CHECKS=@@UNIQUE_CHECKS, UNIQUE_CHECKS=0 */;
/*!40014 SET @OLD_FOREIGN_KEY_CHECKS=@@FOREIGN_KEY_CHECKS, FOREIGN_KEY_CHECKS=0 */;
/*!40101 SET @OLD_SQL_MODE=@@SQL_MODE, SQL_MODE='NO_AUTO_VALUE_ON_ZERO' */;
/*!40111 SET @OLD_SQL_NOTES=@@SQL_NOTES, SQL_NOTES=0 */;

--
-- Table structure for table `answer`
--

DROP TABLE IF EXISTS `answer`;
/*!40101 SET @saved_cs_client     = @@character_set_client */;
/*!50503 SET character_set_client = utf8mb4 */;
CREATE TABLE `answer` (
  `id` int NOT NULL AUTO_INCREMENT,
  `question_id` int NOT NULL,
  `option_id` int NOT NULL,
  `respondent_id` int NOT NULL,
  PRIMARY KEY (`id`)
) ENGINE=InnoDB AUTO_INCREMENT=2454 DEFAULT CHARSET=utf8mb4 COLLATE=utf8mb4_0900_ai_ci;
/*!40101 SET character_set_client = @saved_cs_client */;

--
-- Dumping data for table `answer`
--

LOCK TABLES `answer` WRITE;
/*!40000 ALTER TABLE `answer` DISABLE KEYS */;
INSERT INTO `answer` VALUES (1,1,13,1),(2,2,1,1),(3,3,91,1),(4,4,30,1),(5,5,33,1),(6,8,60,1),(7,9,64,1),(8,10,67,1),(9,11,83,1),(10,12,95,1),(11,13,87,1),(12,1,15,2),(13,2,3,2),(15,4,106,2),(17,8,62,2),(18,9,66,2),(19,10,69,2),(20,11,85,2),(21,12,97,2),(22,13,89,2),(23,1,15,3),(24,2,1,3),(25,3,92,3),(27,5,33,3),(30,5,36,3),(31,5,105,3),(32,8,60,3),(33,8,61,3),(34,9,64,3),(35,10,68,3),(36,11,84,3),(37,12,96,3),(38,13,87,3),(39,1,14,4),(40,2,2,4),(42,4,30,4),(45,4,31,4),(46,5,33,4),(48,8,61,4),(49,9,65,4),(50,10,67,4),(51,11,83,4),(52,12,95,4),(53,13,87,4),(54,1,14,5),(55,2,3,5),(56,3,93,5),(57,4,106,5),(59,8,62,5),(60,9,66,5),(61,10,70,5),(62,11,85,5),(63,12,97,5),(64,13,89,5),(65,1,13,7),(66,2,4,7),(69,5,36,7),(70,8,62,7),(71,9,66,7),(72,10,69,7),(73,11,84,7),(74,12,96,7),(75,13,89,7),(76,1,13,8),(77,2,1,8),(78,3,91,8),(79,4,30,8),(80,5,33,8),(81,8,60,8),(82,9,64,8),(83,10,67,8),(84,1,13,12),(85,2,1,13),(86,1,13,14),(87,1,13,15),(88,2,1,15),(89,3,91,15),(90,1,13,17),(91,1,15,17),(92,2,1,17),(93,2,3,17),(94,3,91,17),(95,4,30,17),(96,5,33,17),(97,5,35,17),(98,8,60,17),(99,8,61,17),(100,8,62,17),(101,9,65,17),(102,10,67,17),(103,10,68,17),(104,11,83,17),(105,12,95,17),(107,1,22,18),(108,1,23,18),(109,1,19,18),(110,2,10,18),(111,2,8,18),(112,2,5,18),(113,2,4,18),(114,3,91,18),(115,4,31,18),(116,4,30,18),(117,5,33,18),(119,8,62,18),(120,8,61,18),(121,9,66,18),(122,10,67,18),(123,10,68,18),(124,10,70,18),(125,10,76,18),(126,11,85,18),(127,12,97,18),(128,12,96,18),(129,13,89,18),(130,1,13,20),(131,1,14,20),(132,2,2,20),(133,3,93,20),(135,5,34,20),(136,8,61,20),(137,9,65,20),(138,10,69,20),(139,11,85,20),(140,12,96,20),(141,13,87,20),(142,1,13,21),(143,2,3,21),(144,3,91,21),(146,5,33,21),(147,8,61,21),(148,9,66,21),(149,10,70,21),(150,11,84,21),(151,12,96,21),(152,13,87,21),(153,1,13,22),(154,2,2,22),(155,3,92,22),(156,4,31,22),(157,5,34,22),(158,8,62,22),(159,9,66,22),(160,10,69,22),(161,11,85,22),(162,12,97,22),(163,13,87,22),(164,1,13,23),(165,2,3,23),(166,3,93,23),(168,5,35,23),(169,8,62,23),(170,9,66,23),(171,10,70,23),(172,11,85,23),(173,12,97,23),(174,13,87,23),(175,1,14,24),(176,2,3,24),(179,5,34,24),(180,8,60,24),(181,9,65,24),(182,10,67,24),(183,11,83,24),(184,12,95,24),(185,13,87,24),(186,1,22,25),(187,2,1,25),(188,2,2,25),(189,2,4,25),(190,2,5,25),(191,3,92,25),(192,4,30,25),(193,4,31,25),(194,5,33,25),(195,5,34,25),(196,8,61,25),(197,8,62,25),(198,8,60,25),(199,9,66,25),(200,10,67,25),(201,10,70,25),(202,10,76,25),(203,11,85,25),(204,12,96,25),(205,13,89,25),(206,1,14,26),(207,2,1,26),(208,3,91,26),(209,4,31,26),(210,5,35,26),(211,8,62,26),(212,8,60,26),(213,9,64,26),(214,10,67,26),(215,11,84,26),(216,12,95,26),(217,13,89,26),(218,1,13,27),(219,2,2,27),(221,4,30,27),(223,1,14,28),(224,2,1,29),(225,3,91,29),(226,4,30,29),(227,5,33,29),(228,8,60,29),(229,9,66,29),(230,10,69,29),(231,11,84,29),(232,12,96,29),(233,13,87,29),(234,1,23,30),(235,1,22,30),(236,1,16,30),(237,1,14,30),(238,2,10,30),(239,2,11,30),(240,2,8,30),(241,2,5,30),(242,2,1,30),(243,2,2,30),(244,3,91,30),(245,4,31,30),(246,4,30,30),(247,5,33,30),(248,5,34,30),(249,5,35,30),(250,8,60,30),(251,8,62,30),(252,8,61,30),(253,9,66,30),(254,10,67,30),(255,10,76,30),(256,10,79,30),(257,11,85,30),(258,12,112,30),(259,12,99,30),(260,13,89,30),(261,1,25,31),(262,2,11,31),(263,3,94,31),(265,5,34,31),(266,8,62,31),(267,9,66,31),(268,10,111,31),(269,11,85,31),(270,12,114,31),(271,13,86,31),(272,1,13,32),(273,2,1,32),(274,3,91,32),(275,4,30,32),(276,4,31,32),(277,5,33,32),(278,8,60,32),(279,9,64,32),(280,1,15,33),(281,2,1,33),(284,10,109,32),(285,10,111,32),(286,5,35,33),(287,8,60,33),(288,11,83,32),(289,9,64,33),(290,10,67,33),(291,11,83,33),(292,12,95,33),(293,13,86,33),(294,12,95,32),(295,13,86,32),(296,1,13,34),(297,2,2,34),(298,3,93,34),(300,5,35,34),(301,8,62,34),(302,9,65,34),(303,10,68,34),(304,11,84,34),(305,12,96,34),(306,13,86,34),(307,1,14,35),(308,2,3,35),(311,5,34,35),(312,8,61,35),(313,9,65,35),(314,10,69,35),(315,11,85,35),(316,12,97,35),(317,13,87,35),(318,1,13,36),(319,1,26,36),(320,1,25,36),(321,2,10,36),(322,2,9,36),(325,5,35,36),(326,8,61,36),(327,9,65,36),(328,10,111,36),(329,10,109,36),(330,10,81,36),(331,11,85,36),(332,12,114,36),(333,12,113,36),(334,12,112,36),(335,13,89,36),(336,1,22,37),(337,1,23,37),(338,1,14,37),(339,2,1,37),(340,2,4,37),(341,2,5,37),(342,2,8,37),(343,3,91,37),(344,4,30,37),(345,4,31,37),(346,5,33,37),(347,5,34,37),(348,8,60,37),(349,8,62,37),(350,8,61,37),(351,9,66,37),(352,10,67,37),(353,10,70,37),(354,10,81,37),(355,11,84,37),(356,12,99,37),(357,13,89,37),(358,1,13,38),(359,2,1,38),(360,3,92,38),(361,4,31,38),(362,5,34,38),(363,8,62,38),(364,9,66,38),(365,10,70,38),(366,10,69,38),(367,11,85,38),(368,12,96,38),(369,13,89,38),(370,1,19,39),(371,1,18,39),(372,2,6,39),(373,3,93,39),(375,5,35,39),(376,8,62,39),(377,9,66,39),(378,10,69,39),(379,11,85,39),(380,12,97,39),(381,13,89,39),(382,1,13,40),(383,2,1,40),(384,3,92,40),(385,4,31,40),(386,5,33,40),(387,8,60,40),(388,9,66,40),(389,10,67,40),(390,11,85,40),(391,12,97,40),(392,1,13,41),(393,2,3,41),(394,13,86,40),(395,1,13,42),(396,2,2,42),(398,4,106,42),(399,5,36,42),(400,8,62,42),(401,9,65,42),(402,10,67,42),(403,11,84,42),(404,12,95,42),(405,13,87,42),(406,1,14,43),(407,1,15,43),(408,2,2,43),(409,3,92,43),(411,5,35,43),(412,8,62,43),(413,9,66,43),(414,10,68,43),(415,11,85,43),(416,12,96,43),(417,12,112,43),(418,13,89,43),(419,1,13,46),(420,2,4,46),(423,5,36,46),(424,1,13,45),(425,8,62,46),(426,9,66,46),(427,2,1,45),(428,10,70,46),(429,11,85,46),(430,12,98,46),(431,13,89,46),(432,3,92,45),(433,4,30,45),(434,5,33,45),(435,8,60,45),(436,9,66,45),(437,10,67,45),(438,11,85,45),(439,12,95,45),(440,13,86,45),(441,1,25,47),(442,2,10,47),(443,3,92,47),(444,1,13,48),(445,1,14,48),(446,1,16,48),(447,1,17,48),(448,1,22,48),(449,1,23,48),(450,2,8,48),(451,2,10,48),(452,2,11,48),(453,3,91,48),(454,4,30,48),(456,5,33,48),(457,5,35,48),(458,5,34,48),(459,8,61,48),(460,8,62,48),(461,9,65,48),(462,10,67,48),(463,10,69,48),(464,10,76,48),(465,10,77,48),(466,10,78,48),(467,10,109,48),(468,11,84,48),(469,12,95,48),(470,12,97,48),(471,12,114,48),(472,12,113,48),(473,12,101,48),(474,13,86,48),(475,1,14,50),(476,2,3,50),(478,4,106,50),(479,5,36,50),(480,8,62,50),(481,9,66,50),(482,10,70,50),(483,11,85,50),(484,12,98,50),(485,13,89,50),(486,1,13,51),(487,1,14,51),(488,1,16,51),(489,2,1,51),(490,2,2,51),(491,2,4,51),(492,3,91,51),(493,4,30,51),(494,5,33,51),(495,8,60,51),(496,8,61,51),(497,9,65,51),(498,10,67,51),(499,10,69,51),(500,10,70,51),(501,10,76,51),(502,11,83,51),(503,12,95,51),(504,12,96,51),(505,12,97,51),(506,13,86,51),(507,1,13,52),(508,2,1,52),(509,3,91,52),(510,4,30,52),(511,4,31,52),(512,5,33,52),(513,5,34,52),(514,5,35,52),(515,8,60,52),(516,8,61,52),(517,9,64,52),(518,10,67,52),(519,10,69,52),(520,10,70,52),(521,10,76,52),(522,10,77,52),(523,10,78,52),(524,11,83,52),(525,12,95,52),(526,12,96,52),(527,12,98,52),(528,12,99,52),(529,13,86,52),(530,1,14,53),(531,2,2,53),(534,5,35,53),(535,8,62,53),(536,9,65,53),(537,10,69,53),(538,11,84,53),(539,12,96,53),(540,13,86,53),(541,1,14,54),(542,1,13,54),(543,1,15,54),(544,1,16,54),(545,2,9,54),(546,2,8,54),(547,2,5,54),(550,5,36,54),(551,8,62,54),(552,9,66,54),(553,10,69,54),(554,10,73,54),(555,10,78,54),(556,11,85,54),(557,12,98,54),(558,12,101,54),(559,13,89,54),(560,1,14,55),(561,2,2,55),(562,3,92,55),(563,4,31,55),(564,5,33,55),(565,8,60,55),(566,9,64,55),(567,10,68,55),(568,11,85,55),(569,12,96,55),(570,13,87,55),(571,1,13,56),(572,1,14,56),(573,1,16,56),(574,1,18,56),(575,1,20,56),(576,1,23,56),(577,2,8,56),(578,2,9,56),(579,3,91,56),(580,4,30,56),(581,5,33,56),(582,8,60,56),(583,8,61,56),(584,8,62,56),(585,9,65,56),(586,1,13,57),(587,2,3,57),(590,5,35,57),(591,8,62,57),(592,9,66,57),(593,10,67,57),(594,11,83,57),(595,12,96,57),(596,13,87,57),(597,1,22,58),(598,1,23,58),(599,1,18,58),(600,2,1,58),(601,2,2,58),(602,2,5,58),(603,2,8,58),(604,3,91,58),(605,4,31,58),(606,4,30,58),(607,5,33,58),(608,5,34,58),(609,8,60,58),(610,8,61,58),(611,9,66,58),(612,10,70,58),(613,10,76,58),(614,11,85,58),(615,12,96,58),(616,12,99,58),(617,13,89,58),(618,1,13,60),(619,1,14,60),(620,1,16,60),(621,2,1,60),(622,2,2,60),(623,2,4,60),(624,3,92,60),(625,4,30,60),(626,4,31,60),(627,5,35,60),(628,5,34,60),(629,5,33,60),(630,5,36,60),(631,8,62,60),(632,8,61,60),(633,9,64,60),(634,10,72,60),(635,10,71,60),(636,11,84,60),(637,12,98,60),(638,12,96,60),(639,12,97,60),(640,13,89,60),(641,1,13,61),(642,2,3,61),(645,5,36,61),(646,8,61,61),(647,9,66,61),(648,10,69,61),(649,11,85,61),(650,12,97,61),(651,13,87,61),(652,1,14,62),(653,2,2,62),(654,3,92,62),(655,4,31,62),(656,5,34,62),(657,8,61,62),(658,9,65,62),(659,10,68,62),(660,11,83,62),(661,12,96,62),(662,13,86,62),(663,1,13,63),(664,2,2,63),(665,2,5,63),(666,3,93,63),(667,4,106,63),(668,5,36,63),(669,8,62,63),(670,9,66,63),(671,10,70,63),(672,11,85,63),(673,12,98,63),(674,13,89,63),(675,1,13,64),(676,2,4,64),(677,3,93,64),(678,4,106,64),(679,5,36,64),(680,8,62,64),(681,9,66,64),(682,10,70,64),(683,11,85,64),(684,12,97,64),(685,13,89,64),(686,1,13,65),(687,1,14,65),(688,1,15,65),(689,2,1,65),(690,2,2,65),(691,2,4,65),(692,2,5,65),(693,2,6,65),(694,3,91,65),(695,4,30,65),(696,5,33,65),(697,5,34,65),(698,5,35,65),(699,8,60,65),(700,8,61,65),(701,9,65,65),(702,10,67,65),(703,11,83,65),(704,12,95,65),(705,12,96,65),(706,13,87,65),(707,1,13,66),(708,1,14,66),(709,2,1,66),(710,2,2,66),(711,3,91,66),(712,4,30,66),(713,5,33,66),(714,5,34,66),(715,8,60,66),(716,8,61,66),(717,9,65,66),(718,10,67,66),(719,10,68,66),(720,11,83,66),(721,12,95,66),(722,12,96,66),(723,13,87,66),(724,1,13,67),(725,1,14,67),(726,1,15,67),(727,1,18,67),(728,1,22,67),(729,2,8,67),(730,2,9,67),(731,2,10,67),(732,2,1,67),(733,2,2,67),(734,2,3,67),(735,3,91,67),(736,4,30,67),(737,5,33,67),(738,8,60,67),(739,8,61,67),(740,9,64,67),(741,10,67,67),(742,1,13,68),(743,1,14,68),(744,1,16,68),(745,1,17,68),(746,1,21,68),(747,2,1,68),(748,2,2,68),(749,2,3,68),(750,2,6,68),(751,2,7,68),(752,3,91,68),(753,4,30,68),(754,5,33,68),(755,5,34,68),(756,5,35,68),(757,8,60,68),(758,8,61,68),(759,8,62,68),(760,9,65,68),(761,10,67,68),(762,10,69,68),(763,10,70,68),(764,10,73,68),(765,10,76,68),(766,10,77,68),(767,10,78,68),(768,11,83,68),(769,12,96,68),(770,12,97,68),(771,13,86,68),(772,1,23,69),(773,2,10,69),(775,4,107,69),(776,5,35,69),(777,8,62,69),(778,9,66,69),(779,10,69,69),(780,11,85,69),(781,12,97,69),(782,13,89,69),(783,1,13,71),(784,1,14,71),(785,1,16,71),(786,1,18,71),(787,1,20,71),(788,1,22,71),(789,1,25,71),(790,2,8,71),(791,2,9,71),(792,2,11,71),(793,2,1,71),(794,2,2,71),(795,2,4,71),(796,3,91,71),(797,4,30,71),(798,5,33,71),(799,5,34,71),(800,8,60,71),(801,8,61,71),(802,9,64,71),(803,10,67,71),(804,10,69,71),(805,10,71,71),(806,10,76,71),(807,10,78,71),(808,10,77,71),(809,11,83,71),(810,12,95,71),(811,12,96,71),(812,12,98,71),(813,12,100,71),(814,13,86,71),(815,1,13,72),(816,1,14,72),(817,1,16,72),(818,1,17,72),(819,1,19,72),(820,1,21,72),(821,1,22,72),(822,1,24,72),(823,1,25,72),(824,2,8,72),(825,2,9,72),(826,2,10,72),(827,2,1,72),(828,2,2,72),(829,2,3,72),(830,3,91,72),(831,4,30,72),(832,5,33,72),(833,5,34,72),(834,8,60,72),(835,8,61,72),(836,9,65,72),(837,10,67,72),(838,10,68,72),(839,10,72,72),(840,10,76,72),(841,10,79,72),(842,10,108,72),(843,11,83,72),(844,12,95,72),(845,12,96,72),(846,12,99,72),(847,13,86,72),(848,1,13,73),(849,2,4,73),(851,4,107,73),(852,5,36,73),(853,8,62,73),(854,9,66,73),(855,10,70,73),(856,11,85,73),(857,12,98,73),(858,13,89,73),(859,1,14,74),(860,1,16,74),(861,1,19,74),(862,1,22,74),(863,1,14,75),(864,1,16,75),(865,1,17,75),(866,1,22,75),(867,2,10,75),(868,2,1,75),(869,2,2,75),(870,2,5,75),(871,2,4,75),(872,3,91,75),(873,4,31,75),(874,4,30,75),(875,5,33,75),(876,8,61,75),(877,8,62,75),(878,9,65,75),(879,10,76,75),(880,10,111,75),(881,11,85,75),(882,12,98,75),(883,12,97,75),(884,13,89,75),(885,1,18,76),(886,1,17,76),(887,1,19,76),(888,1,21,76),(889,2,2,76),(890,2,6,76),(891,2,9,76),(893,4,107,76),(894,5,36,76),(895,8,62,76),(896,9,66,76),(897,10,70,76),(898,11,85,76),(899,12,114,76),(900,12,112,76),(901,12,100,76),(902,13,89,76),(903,1,24,77),(904,1,22,77),(905,2,1,77),(906,2,2,77),(907,2,3,77),(908,2,4,77),(910,4,31,77),(911,5,36,77),(912,8,61,77),(913,9,66,77),(914,10,77,77),(915,10,79,77),(916,11,85,77),(917,12,96,77),(918,12,97,77),(919,12,98,77),(920,13,89,77),(921,1,16,78),(922,1,18,78),(923,1,26,78),(924,2,8,78),(925,2,1,78),(926,2,3,78),(928,4,31,78),(929,5,34,78),(930,8,61,78),(931,9,65,78),(932,10,67,78),(933,10,76,78),(934,10,78,78),(935,10,80,78),(936,11,84,78),(937,12,96,78),(938,13,86,78),(939,1,16,79),(940,2,4,79),(941,3,92,79),(942,4,31,79),(943,4,30,79),(945,5,33,79),(946,8,61,79),(947,9,65,79),(948,10,68,79),(949,11,84,79),(950,12,96,79),(951,12,97,79),(952,13,86,79),(953,1,13,79),(954,1,15,79),(955,1,14,79),(956,2,8,79),(958,4,30,79),(959,4,31,79),(960,5,33,79),(961,8,60,79),(962,9,65,79),(963,10,68,79),(964,11,84,79),(965,12,95,79),(966,13,89,79),(967,1,14,80),(968,1,22,80),(969,1,23,80),(970,2,1,80),(971,2,4,80),(972,2,5,80),(973,2,6,80),(974,2,2,80),(975,3,91,80),(976,4,30,80),(977,4,31,80),(978,5,33,80),(979,5,34,80),(980,5,35,80),(981,5,36,80),(982,8,61,80),(983,9,66,80),(984,10,70,80),(985,10,76,80),(986,10,79,80),(987,11,84,80),(988,12,96,80),(989,12,97,80),(990,12,112,80),(991,13,89,80),(992,1,13,81),(993,1,14,81),(994,1,16,81),(995,1,19,81),(996,1,21,81),(997,1,23,81),(998,2,8,81),(999,2,10,81),(1000,2,1,81),(1001,2,2,81),(1002,3,91,81),(1003,4,30,81),(1004,4,31,81),(1005,5,33,81),(1006,5,34,81),(1007,5,35,81),(1008,8,60,81),(1009,8,61,81),(1010,9,65,81),(1011,10,67,81),(1012,10,69,81),(1013,10,73,81),(1014,10,76,81),(1015,10,78,81),(1016,11,83,81),(1017,12,95,81),(1018,12,96,81),(1019,13,86,81),(1020,1,13,82),(1021,1,14,82),(1022,1,17,82),(1023,1,19,82),(1024,1,21,82),(1025,1,23,82),(1026,1,25,82),(1027,2,1,82),(1028,2,2,82),(1029,2,4,82),(1030,2,6,82),(1031,2,8,82),(1032,2,10,82),(1033,2,11,82),(1034,3,91,82),(1035,4,30,82),(1036,5,33,82),(1037,5,34,82),(1038,5,36,82),(1039,8,60,82),(1040,8,61,82),(1041,9,64,82),(1042,10,67,82),(1043,10,69,82),(1044,10,70,82),(1045,10,73,82),(1046,10,76,82),(1047,10,77,82),(1048,10,78,82),(1049,11,84,82),(1050,12,95,82),(1051,12,96,82),(1052,12,98,82),(1053,13,86,82),(1054,1,15,83),(1055,2,2,83),(1056,3,92,83),(1057,4,30,83),(1058,5,33,83),(1059,8,60,83),(1060,9,64,83),(1061,10,68,83),(1062,11,85,83),(1063,12,97,83),(1064,13,87,83),(1065,1,14,84),(1066,2,2,84),(1067,3,92,84),(1068,4,107,84),(1069,5,34,84),(1070,8,61,84),(1071,9,65,84),(1072,10,68,84),(1073,11,84,84),(1074,12,96,84),(1075,13,87,84),(1076,1,13,85),(1077,2,1,85),(1078,3,91,85),(1079,4,30,85),(1080,4,31,85),(1081,4,107,85),(1082,5,34,85),(1083,8,60,85),(1084,9,66,85),(1085,10,68,85),(1086,11,83,85),(1087,12,95,85),(1088,13,89,85),(1089,1,13,86),(1090,1,14,86),(1091,1,15,86),(1092,2,1,86),(1093,1,15,87),(1094,1,16,87),(1095,2,2,87),(1096,2,7,87),(1097,2,8,87),(1098,3,92,87),(1099,4,31,87),(1100,5,35,87),(1101,8,62,87),(1102,3,93,86),(1103,9,66,87),(1104,4,107,86),(1105,10,69,87),(1106,5,35,86),(1107,11,85,87),(1108,8,61,86),(1109,12,97,87),(1110,13,89,87),(1111,9,64,86),(1112,10,67,86),(1113,11,83,86),(1114,1,13,88),(1115,1,16,88),(1116,1,19,88),(1117,1,20,88),(1118,1,21,88),(1119,1,22,88),(1120,1,25,88),(1121,2,2,88),(1122,2,9,88),(1123,2,10,88),(1124,3,92,88),(1125,4,31,88),(1126,5,33,88),(1127,5,36,88),(1128,8,62,88),(1129,9,65,88),(1130,10,68,88),(1131,11,84,88),(1132,12,96,88),(1133,12,97,88),(1134,12,100,88),(1135,13,89,88),(1136,1,13,90),(1137,2,1,90),(1138,3,91,90),(1139,4,30,90),(1140,5,33,90),(1141,8,60,90),(1142,9,64,90),(1143,10,67,90),(1144,11,83,90),(1145,12,95,90),(1146,13,86,90),(1147,1,16,91),(1148,2,4,91),(1149,3,94,91),(1150,4,107,91),(1151,5,34,91),(1152,8,61,91),(1153,9,64,91),(1154,10,67,91),(1155,11,83,91),(1156,12,95,91),(1157,13,86,91),(1158,1,14,92),(1159,2,2,92),(1160,3,92,92),(1161,4,31,92),(1162,5,34,92),(1163,8,61,92),(1164,9,65,92),(1165,10,68,92),(1166,11,84,92),(1167,12,96,92),(1168,13,86,92),(1169,1,13,93),(1170,1,14,93),(1171,1,16,93),(1172,2,1,93),(1173,2,2,93),(1174,2,3,93),(1175,3,92,93),(1176,4,31,93),(1177,4,30,93),(1178,5,34,93),(1179,5,33,93),(1180,8,61,93),(1181,9,65,93),(1182,10,70,93),(1183,10,67,93),(1184,11,85,93),(1185,12,112,93),(1186,12,101,93),(1187,1,14,94),(1188,1,16,94),(1189,13,89,93),(1190,2,3,94),(1191,3,94,94),(1192,4,107,94),(1193,5,35,94),(1194,8,62,94),(1195,9,66,94),(1196,10,70,94),(1197,11,85,94),(1198,12,98,94),(1199,13,89,94),(1200,1,13,95),(1201,1,14,95),(1202,1,16,95),(1203,2,1,95),(1204,2,3,95),(1205,3,91,95),(1206,4,30,95),(1207,5,33,95),(1208,8,60,95),(1209,9,64,95),(1210,10,67,95),(1211,11,83,95),(1212,12,95,95),(1213,13,86,95),(1214,1,13,96),(1215,2,3,96),(1216,3,93,96),(1217,4,31,96),(1218,5,34,96),(1219,8,61,96),(1220,9,65,96),(1221,10,68,96),(1222,11,84,96),(1223,12,97,96),(1224,13,89,96),(1225,1,26,97),(1226,2,11,97),(1227,3,94,97),(1228,4,107,97),(1229,5,36,97),(1230,8,62,97),(1231,9,66,97),(1232,10,70,97),(1233,11,85,97),(1234,12,98,97),(1235,13,89,97),(1236,1,13,99),(1237,1,14,99),(1238,2,2,99),(1239,2,1,99),(1240,3,91,99),(1241,4,31,99),(1242,4,30,99),(1243,5,34,99),(1244,5,33,99),(1245,8,61,99),(1246,9,64,99),(1247,10,68,99),(1248,10,69,99),(1249,11,84,99),(1250,12,95,99),(1251,13,87,99),(1252,1,13,100),(1253,2,2,100),(1254,3,93,100),(1255,4,107,100),(1256,5,34,100),(1257,8,61,100),(1258,9,65,100),(1259,10,68,100),(1260,11,84,100),(1261,12,96,100),(1262,13,87,100),(1263,1,13,101),(1264,1,20,101),(1265,1,24,101),(1266,1,25,101),(1267,2,3,101),(1268,2,4,101),(1269,2,5,101),(1270,2,6,101),(1271,2,7,101),(1272,2,11,101),(1273,3,93,101),(1274,4,107,101),(1275,5,35,101),(1276,5,105,101),(1277,8,60,101),(1278,9,64,101),(1279,10,78,101),(1280,10,80,101),(1281,10,109,101),(1282,11,84,101),(1283,12,114,101),(1284,12,113,101),(1285,12,101,101),(1286,13,86,101),(1287,1,13,102),(1288,2,1,102),(1289,3,91,102),(1290,4,30,102),(1291,5,33,102),(1292,8,60,102),(1293,9,64,102),(1294,10,70,102),(1295,11,83,102),(1296,12,95,102),(1297,13,86,102),(1298,1,13,106),(1299,1,15,106),(1300,2,1,106),(1301,2,3,106),(1302,2,4,106),(1303,3,93,106),(1304,4,107,106),(1305,5,35,106),(1306,8,62,106),(1307,9,66,106),(1308,1,13,107),(1309,1,15,107),(1310,2,1,107),(1311,2,3,107),(1312,3,92,107),(1313,1,13,108),(1314,1,15,108),(1315,2,1,108),(1316,2,2,108),(1317,3,93,108),(1318,4,31,108),(1319,4,30,108),(1320,5,33,108),(1321,5,35,108),(1322,8,61,108),(1323,9,66,108),(1324,10,68,108),(1325,1,13,109),(1326,2,1,109),(1327,3,91,109),(1328,4,107,109),(1329,5,35,109),(1330,8,62,109),(1331,9,66,109),(1332,10,68,109),(1333,11,85,109),(1334,12,96,109),(1335,13,89,109),(1336,1,16,110),(1337,2,4,110),(1338,3,94,110),(1339,4,107,110),(1340,5,35,110),(1341,8,62,110),(1342,9,66,110),(1343,10,69,110),(1344,11,84,110),(1345,12,96,110),(1346,13,89,110),(1347,1,15,111),(1348,2,3,111),(1349,3,93,111),(1350,4,107,111),(1351,5,36,111),(1352,8,62,111),(1353,9,66,111),(1354,10,70,111),(1355,11,85,111),(1356,12,98,111),(1357,13,89,111),(1358,1,13,112),(1359,2,2,112),(1360,3,91,112),(1361,4,30,112),(1362,5,35,112),(1363,8,61,112),(1364,9,65,112),(1365,10,68,112),(1366,11,84,112),(1367,12,97,112),(1368,13,89,112),(1369,1,15,113),(1370,2,4,113),(1371,3,94,113),(1372,4,107,113),(1373,5,36,113),(1374,8,62,113),(1375,9,66,113),(1376,10,70,113),(1377,11,85,113),(1378,12,98,113),(1379,13,87,113),(1380,1,13,114),(1381,2,4,114),(1382,3,94,114),(1383,4,107,114),(1384,5,35,114),(1385,8,62,114),(1386,9,65,114),(1387,10,68,114),(1388,11,83,114),(1389,12,95,114),(1390,12,96,114),(1391,12,97,114),(1392,12,98,114),(1393,12,113,114),(1394,13,87,114),(1395,1,13,115),(1396,2,1,115),(1397,3,91,115),(1398,4,31,115),(1399,5,34,115),(1400,8,61,115),(1401,9,66,115),(1402,10,69,115),(1403,10,70,115),(1404,11,85,115),(1405,12,96,115),(1406,12,97,115),(1407,13,89,115),(1408,1,16,116),(1409,2,3,116),(1410,3,93,116),(1411,4,107,116),(1412,5,35,116),(1413,8,61,116),(1414,9,65,116),(1415,10,67,116),(1416,10,68,116),(1417,10,69,116),(1418,11,83,116),(1419,12,95,116),(1420,12,96,116),(1421,12,97,116),(1422,13,87,116),(1423,1,15,117),(1424,1,16,117),(1425,1,18,117),(1426,1,19,117),(1427,1,17,117),(1428,2,7,117),(1429,2,6,117),(1430,2,4,117),(1431,2,5,117),(1432,3,91,117),(1433,4,107,117),(1434,4,31,117),(1435,5,35,117),(1436,5,34,117),(1437,8,62,117),(1438,8,61,117),(1439,9,64,117),(1440,10,70,117),(1441,10,69,117),(1442,10,111,117),(1443,10,109,117),(1444,11,83,117),(1445,12,96,117),(1446,12,113,117),(1447,12,112,117),(1448,13,89,117),(1449,1,13,118),(1450,2,1,118),(1451,3,93,118),(1452,4,107,118),(1453,5,34,118),(1454,5,35,118),(1455,8,61,118),(1456,8,62,118),(1457,9,66,118),(1458,10,68,118),(1459,10,69,118),(1460,10,70,118),(1461,10,111,118),(1462,11,85,118),(1463,12,96,118),(1464,12,113,118),(1465,12,98,118),(1466,13,87,118),(1467,1,24,119),(1468,1,25,119),(1469,1,26,119),(1470,2,9,119),(1471,2,10,119),(1472,2,11,119),(1473,3,93,119),(1474,4,107,119),(1475,5,33,119),(1476,5,34,119),(1477,5,36,119),(1478,8,62,119),(1479,8,61,119),(1480,8,60,119),(1481,9,65,119),(1482,10,70,119),(1483,10,69,119),(1484,11,84,119),(1485,12,98,119),(1486,12,114,119),(1487,13,89,119),(1488,1,15,120),(1489,1,16,120),(1490,1,18,120),(1491,2,5,120),(1492,2,6,120),(1493,2,8,120),(1494,3,94,120),(1495,4,107,120),(1496,4,31,120),(1497,5,35,120),(1498,5,36,120),(1499,8,61,120),(1500,9,65,120),(1501,10,109,120),(1502,10,108,120),(1503,10,111,120),(1504,10,81,120),(1505,10,71,120),(1506,10,73,120),(1507,10,72,120),(1508,10,76,120),(1509,10,79,120),(1510,10,80,120),(1511,10,78,120),(1512,10,77,120),(1513,11,84,120),(1514,12,95,120),(1515,12,97,120),(1516,12,98,120),(1517,13,87,120),(1518,1,14,121),(1519,1,25,121),(1520,1,23,121),(1521,1,24,121),(1522,2,10,121),(1523,2,9,121),(1524,2,11,121),(1525,2,3,121),(1526,2,2,121),(1527,2,1,121),(1528,3,93,121),(1529,4,31,121),(1530,4,30,121),(1531,4,107,121),(1532,5,34,121),(1533,5,35,121),(1534,5,105,121),(1535,8,62,121),(1536,8,60,121),(1537,9,66,121),(1538,10,67,121),(1539,10,111,121),(1540,10,109,121),(1541,10,108,121),(1542,10,81,121),(1543,11,83,121),(1544,12,96,121),(1545,12,97,121),(1546,12,113,121),(1547,12,112,121),(1548,12,101,121),(1549,12,100,121),(1550,12,99,121),(1551,12,98,121),(1552,12,114,121),(1553,13,87,121),(1554,1,15,122),(1555,1,25,122),(1556,1,24,122),(1557,1,23,122),(1558,2,10,122),(1559,2,9,122),(1560,2,11,122),(1561,3,93,122),(1562,4,107,122),(1563,5,35,122),(1564,5,36,122),(1565,8,61,122),(1566,9,65,122),(1567,10,69,122),(1568,10,109,122),(1569,10,108,122),(1570,10,111,122),(1571,11,83,122),(1572,12,97,122),(1573,13,89,122),(1574,1,13,123),(1575,1,14,123),(1576,1,15,123),(1577,1,16,123),(1578,1,19,123),(1579,1,18,123),(1580,1,17,123),(1581,1,26,123),(1582,1,25,123),(1583,1,24,123),(1584,1,23,123),(1585,1,21,123),(1586,1,22,123),(1587,2,8,123),(1588,2,9,123),(1589,2,10,123),(1590,2,11,123),(1591,3,94,123),(1592,4,107,123),(1593,5,35,123),(1594,8,62,123),(1595,9,66,123),(1596,10,68,123),(1597,10,69,123),(1598,10,70,123),(1599,10,111,123),(1600,10,109,123),(1601,10,108,123),(1602,10,81,123),(1603,10,67,123),(1604,10,72,123),(1605,10,71,123),(1606,10,73,123),(1607,11,85,123),(1608,12,96,123),(1609,12,98,123),(1610,12,114,123),(1611,12,113,123),(1612,12,112,123),(1613,12,101,123),(1614,12,97,123),(1615,12,95,123),(1616,13,87,123),(1617,1,14,124),(1618,1,15,124),(1619,1,25,124),(1620,2,10,124),(1621,2,11,124),(1622,3,94,124),(1623,4,107,124),(1624,5,34,124),(1625,8,61,124),(1626,9,66,124),(1627,10,68,124),(1628,10,109,124),(1629,10,111,124),(1630,11,85,124),(1631,12,96,124),(1632,12,114,124),(1633,13,89,124),(1634,1,13,125),(1635,2,1,125),(1636,3,91,125),(1637,4,30,125),(1638,5,33,125),(1639,8,60,125),(1640,9,64,125),(1641,10,67,125),(1642,11,83,125),(1643,12,95,125),(1644,13,86,125),(1645,1,15,126),(1646,1,16,126),(1647,2,4,126),(1648,3,94,126),(1649,4,107,126),(1650,5,36,126),(1651,8,62,126),(1652,9,66,126),(1653,10,70,126),(1654,11,85,126),(1655,12,97,126),(1656,13,89,126),(1657,1,24,127),(1658,1,23,127),(1659,2,8,127),(1660,2,9,127),(1661,3,93,127),(1662,4,31,127),(1663,5,34,127),(1664,8,62,127),(1665,8,61,127),(1666,9,66,127),(1667,10,69,127),(1668,11,85,127),(1669,12,97,127),(1670,13,89,127),(1671,1,16,128),(1672,1,21,128),(1673,1,20,128),(1674,2,9,128),(1675,2,8,128),(1676,2,1,128),(1677,3,93,128),(1678,4,107,128),(1679,5,34,128),(1680,8,62,128),(1681,8,61,128),(1682,9,66,128),(1683,1,14,129),(1684,10,76,128),(1685,10,73,128),(1686,10,72,128),(1687,11,85,128),(1688,12,97,128),(1689,12,100,128),(1690,12,101,128),(1691,13,89,128),(1692,1,13,130),(1693,1,15,130),(1694,1,16,130),(1695,2,2,130),(1696,3,91,130),(1697,4,30,130),(1698,5,33,130),(1699,8,60,130),(1700,9,64,130),(1701,10,67,130),(1702,11,83,130),(1703,12,96,130),(1704,12,98,130),(1705,12,99,130),(1706,13,86,130),(1707,1,13,131),(1708,1,15,131),(1709,2,1,131),(1710,1,14,132),(1711,2,1,132),(1712,3,91,132),(1713,4,30,132),(1714,5,33,132),(1715,8,61,132),(1716,9,66,132),(1717,10,69,132),(1718,11,85,132),(1719,12,98,132),(1720,13,87,132),(1721,1,13,133),(1722,2,1,133),(1723,3,91,133),(1724,4,30,133),(1725,5,33,133),(1726,8,60,133),(1727,9,65,133),(1728,10,67,133),(1729,11,83,133),(1730,12,95,133),(1731,13,86,133),(1732,1,14,133),(1733,2,2,133),(1734,3,92,133),(1735,4,31,133),(1736,5,34,133),(1737,8,61,133),(1738,9,64,133),(1739,10,67,133),(1740,11,83,133),(1741,12,95,133),(1742,13,86,133),(1743,1,26,134),(1744,2,11,134),(1745,3,94,134),(1746,4,107,134),(1747,5,105,134),(1748,8,62,134),(1749,9,66,134),(1750,10,69,134),(1751,10,109,134),(1752,10,111,134),(1753,11,84,134),(1754,12,100,134),(1755,13,89,134),(1756,1,15,135),(1757,2,3,135),(1758,3,94,135),(1759,1,13,136),(1760,1,14,136),(1761,1,16,136),(1762,1,15,136),(1763,1,17,136),(1764,1,18,136),(1765,1,19,136),(1766,1,20,136),(1767,1,21,136),(1768,1,22,136),(1769,1,23,136),(1770,2,11,136),(1771,2,10,136),(1772,2,9,136),(1773,2,8,136),(1774,2,7,136),(1775,2,6,136),(1776,3,91,136),(1777,4,31,136),(1778,4,30,136),(1779,5,35,136),(1780,5,34,136),(1781,8,62,136),(1782,8,60,136),(1783,9,65,136),(1784,10,68,136),(1785,10,111,136),(1786,10,109,136),(1787,10,108,136),(1788,10,81,136),(1789,10,80,136),(1790,10,79,136),(1791,11,85,136),(1792,12,96,136),(1793,12,95,136),(1794,12,97,136),(1795,12,98,136),(1796,12,99,136),(1797,13,89,136),(1798,1,14,137),(1799,2,2,137),(1800,3,91,137),(1801,4,31,137),(1802,4,30,137),(1803,5,33,137),(1804,8,60,137),(1805,8,61,137),(1806,9,65,137),(1807,10,67,137),(1808,10,68,137),(1809,11,84,137),(1810,12,95,137),(1811,12,96,137),(1812,13,87,137),(1813,1,14,139),(1814,1,16,139),(1815,2,2,139),(1816,2,3,139),(1817,3,93,139),(1818,4,107,139),(1819,5,34,139),(1820,8,62,139),(1821,9,65,139),(1822,10,69,139),(1823,11,85,139),(1824,12,96,139),(1825,13,87,139),(1826,1,14,142),(1827,1,16,142),(1828,1,19,142),(1829,2,4,142),(1830,2,5,142),(1831,3,92,142),(1832,4,30,142),(1833,5,33,142),(1834,8,61,142),(1835,9,66,142),(1836,10,68,142),(1837,10,69,142),(1838,11,85,142),(1839,12,96,142),(1840,12,97,142),(1841,12,98,142),(1842,13,89,142),(1843,1,14,143),(1844,2,1,143),(1845,2,2,143),(1846,2,7,143),(1847,3,94,143),(1848,4,107,143),(1849,5,33,143),(1850,8,62,143),(1851,9,66,143),(1852,10,72,143),(1853,11,85,143),(1854,12,97,143),(1855,13,86,143),(1856,1,16,144),(1857,2,2,144),(1858,3,94,144),(1859,4,107,144),(1860,5,34,144),(1861,8,61,144),(1862,9,64,144),(1863,10,67,144),(1864,11,83,144),(1865,12,95,144),(1866,13,86,144),(1867,1,15,145),(1868,2,1,145),(1869,3,91,145),(1870,4,107,145),(1871,5,34,145),(1872,8,62,145),(1873,9,65,145),(1874,10,67,145),(1875,11,85,145),(1876,12,98,145),(1877,13,89,145),(1878,1,13,147),(1879,2,1,147),(1880,3,91,147),(1881,4,107,147),(1882,5,105,147),(1883,8,62,147),(1884,9,66,147),(1885,10,108,147),(1886,11,85,147),(1887,1,16,148),(1888,2,4,148),(1889,3,92,148),(1890,3,93,148),(1891,1,15,150),(1892,2,4,150),(1893,3,94,150),(1894,3,93,150),(1895,4,107,150),(1896,1,16,149),(1897,5,105,150),(1898,8,62,150),(1899,9,66,150),(1900,10,70,150),(1901,11,85,150),(1902,12,97,150),(1903,13,89,150),(1904,2,1,149),(1905,2,3,149),(1906,1,14,151),(1907,2,3,151),(1908,3,93,151),(1909,4,107,151),(1910,5,36,151),(1911,8,60,151),(1912,9,64,151),(1913,10,67,151),(1914,11,83,151),(1915,12,95,151),(1916,1,24,152),(1917,2,11,152),(1918,3,91,152),(1919,4,30,152),(1920,5,105,152),(1921,8,60,152),(1922,1,13,154),(1923,2,1,154),(1924,3,93,154),(1925,4,31,154),(1926,5,33,154),(1927,8,61,154),(1928,9,65,154),(1929,10,69,154),(1930,11,84,154),(1931,12,97,154),(1932,12,113,154),(1933,13,87,154),(1934,1,14,155),(1935,1,18,155),(1936,1,19,155),(1937,1,20,155),(1938,1,26,155),(1939,2,9,155),(1940,2,10,155),(1941,3,93,155),(1942,4,31,155),(1943,5,35,155),(1944,8,62,155),(1945,9,66,155),(1946,10,70,155),(1947,11,85,155),(1948,12,113,155),(1949,13,89,155),(1950,1,13,156),(1951,1,14,156),(1952,2,4,156),(1953,3,94,156),(1954,4,107,156),(1955,5,115,156),(1956,8,62,156),(1957,9,66,156),(1958,10,70,156),(1959,11,85,156),(1960,12,98,156),(1961,13,89,156),(1962,1,15,157),(1963,2,3,157),(1964,3,93,157),(1965,4,107,157),(1966,5,34,157),(1967,8,62,157),(1968,9,66,157),(1969,10,111,157),(1970,11,85,157),(1971,12,113,157),(1972,13,89,157),(1973,1,13,160),(1974,2,1,160),(1975,3,91,160),(1976,4,31,160),(1977,5,34,160),(1978,8,61,160),(1979,9,65,160),(1980,10,68,160),(1981,11,84,160),(1982,12,96,160),(1983,12,97,160),(1984,12,113,160),(1985,13,89,160),(1986,1,13,161),(1987,1,15,161),(1988,1,18,161),(1989,2,5,161),(1990,2,4,161),(1991,2,7,161),(1992,3,91,161),(1993,4,30,161),(1994,5,33,161),(1995,5,35,161),(1996,8,61,161),(1997,9,66,161),(1998,10,70,161),(1999,10,68,161),(2000,10,67,161),(2001,11,85,161),(2002,12,95,161),(2003,13,86,161),(2004,1,16,162),(2005,1,19,162),(2006,1,21,162),(2007,2,9,162),(2008,2,11,162),(2009,3,92,162),(2010,4,107,162),(2011,5,115,162),(2012,8,62,162),(2013,9,66,162),(2014,10,70,162),(2015,10,72,162),(2016,10,77,162),(2017,11,85,162),(2018,12,97,162),(2019,12,99,162),(2020,12,100,162),(2021,13,89,162),(2022,1,13,163),(2023,1,14,163),(2024,1,16,163),(2025,2,7,163),(2026,3,94,163),(2027,4,107,163),(2028,5,36,163),(2029,8,62,163),(2030,9,66,163),(2031,10,70,163),(2032,11,85,163),(2033,12,98,163),(2034,13,89,163),(2035,1,13,165),(2036,2,1,165),(2037,3,91,165),(2038,4,30,165),(2039,5,33,165),(2040,8,60,165),(2041,9,64,165),(2042,10,67,165),(2043,11,83,165),(2044,12,95,165),(2045,13,86,165),(2046,1,15,166),(2047,2,3,166),(2048,3,93,166),(2049,4,107,166),(2050,5,35,166),(2051,8,62,166),(2052,9,65,166),(2053,10,68,166),(2054,11,84,166),(2055,12,96,166),(2056,13,87,166),(2057,1,16,165),(2058,2,4,165),(2059,3,94,165),(2060,4,107,165),(2061,5,36,165),(2062,8,62,165),(2063,9,66,165),(2064,10,70,165),(2065,11,85,165),(2066,12,98,165),(2067,13,89,165),(2068,14,116,165),(2069,1,13,167),(2070,2,4,167),(2071,3,94,167),(2072,4,107,167),(2073,5,36,167),(2074,8,62,167),(2075,9,66,167),(2076,10,70,167),(2077,11,85,167),(2078,12,98,167),(2079,13,89,167),(2080,14,116,167),(2081,1,13,168),(2082,2,3,168),(2083,3,92,168),(2084,4,31,168),(2085,5,33,168),(2086,8,61,168),(2087,9,66,168),(2088,10,70,168),(2089,11,84,168),(2090,12,95,168),(2091,13,86,168),(2092,14,118,168),(2093,1,13,169),(2094,2,4,169),(2095,3,93,169),(2096,4,107,169),(2097,5,35,169),(2098,8,62,169),(2099,9,66,169),(2100,10,111,169),(2101,11,85,169),(2102,12,96,169),(2103,12,114,169),(2104,13,89,169),(2105,14,118,169),(2106,1,16,170),(2107,1,13,171),(2108,1,18,171),(2109,1,23,171),(2110,2,10,171),(2111,2,11,171),(2112,2,1,171),(2113,3,93,171),(2114,4,107,171),(2115,5,35,171),(2116,8,62,171),(2117,9,65,171),(2118,10,67,171),(2119,11,85,171),(2120,12,98,171),(2121,13,89,171),(2122,14,119,171),(2123,1,14,172),(2124,2,3,172),(2125,3,94,172),(2126,4,107,172),(2127,5,35,172),(2128,8,62,172),(2129,9,66,172),(2130,10,69,172),(2131,11,85,172),(2132,12,97,172),(2133,13,89,172),(2134,14,118,172),(2135,1,16,177),(2136,2,3,177),(2137,3,92,177),(2138,4,31,177),(2139,5,34,177),(2140,5,36,177),(2141,8,61,177),(2142,9,65,177),(2143,10,68,177),(2144,11,84,177),(2145,12,96,177),(2146,13,87,177),(2147,14,117,177),(2148,1,13,179),(2149,1,14,179),(2150,2,3,179),(2151,3,94,179),(2152,4,107,179),(2153,5,34,179),(2154,5,34,179),(2155,9,65,179),(2156,10,70,179),(2157,10,70,179),(2158,12,98,179),(2159,13,87,179),(2160,14,118,179),(2161,1,15,180),(2162,1,16,180),(2163,2,4,180),(2164,3,93,180),(2165,4,107,180),(2166,5,35,180),(2167,8,60,180),(2168,9,64,180),(2169,10,67,180),(2170,11,83,180),(2171,12,95,180),(2172,13,86,180),(2173,14,116,180),(2174,1,13,180),(2175,2,2,180),(2176,3,93,180),(2177,4,107,180),(2178,5,35,180),(2179,8,62,180),(2180,9,66,180),(2181,10,68,180),(2182,11,84,180),(2183,12,96,180),(2184,13,87,180),(2185,14,117,180),(2186,1,13,180),(2187,2,2,180),(2188,3,92,180),(2189,4,31,180),(2190,5,34,180),(2191,8,61,180),(2192,9,65,180),(2193,10,68,180),(2194,11,84,180),(2195,12,97,180),(2196,13,87,180),(2197,14,117,180),(2198,1,13,180),(2199,2,3,180),(2200,3,93,180),(2201,4,107,180),(2202,5,35,180),(2203,8,62,180),(2204,9,65,180),(2205,10,68,180),(2206,11,85,180),(2207,12,96,180),(2208,13,87,180),(2209,14,117,180),(2210,1,14,180),(2211,2,3,180),(2212,3,93,180),(2213,4,107,180),(2214,5,35,180),(2215,8,62,180),(2216,9,66,180),(2217,10,69,180),(2218,11,84,180),(2219,12,96,180),(2220,13,89,180),(2221,14,117,180),(2222,1,26,181),(2223,2,123,181),(2224,2,3,181),(2225,3,94,181),(2226,4,107,181),(2227,5,36,181),(2228,8,62,181),(2229,9,66,181),(2230,10,70,181),(2231,10,77,181),(2232,11,85,181),(2233,12,98,181),(2234,13,89,181),(2235,14,119,181),(2236,1,15,182),(2237,2,3,182),(2238,3,93,182),(2239,4,107,182),(2240,5,35,182),(2241,8,61,182),(2242,9,65,182),(2243,10,68,182),(2244,11,84,182),(2245,12,96,182),(2246,13,87,182),(2247,14,117,182),(2248,1,13,185),(2249,2,4,185),(2250,3,94,185),(2251,4,107,185),(2252,5,36,185),(2253,8,62,185),(2254,9,66,185),(2255,10,70,185),(2256,11,85,185),(2257,12,98,185),(2258,13,89,185),(2259,14,119,185),(2260,1,14,187),(2261,2,3,187),(2262,2,1,187),(2263,2,4,187),(2264,3,91,187),(2265,4,30,187),(2266,4,31,187),(2267,5,33,187),(2268,5,34,187),(2269,8,61,187),(2270,9,64,187),(2271,10,67,187),(2272,10,70,187),(2273,10,76,187),(2274,11,85,187),(2275,12,95,187),(2276,13,86,187),(2277,14,116,187),(2278,1,13,192),(2279,1,14,192),(2280,1,16,192),(2281,1,17,192),(2282,2,4,192),(2283,2,5,192),(2284,2,6,192),(2285,3,93,192),(2286,4,107,192),(2287,5,35,192),(2288,8,62,192),(2289,9,66,192),(2290,10,70,192),(2291,10,76,192),(2292,11,85,192),(2293,12,97,192),(2294,13,89,192),(2295,14,118,192),(2296,1,14,194),(2297,2,8,194),(2298,3,93,194),(2299,4,107,194),(2300,5,34,194),(2301,8,62,194),(2302,9,66,194),(2303,10,73,195),(2304,11,84,195),(2305,12,97,195),(2306,13,89,195),(2307,14,118,195),(2308,1,19,196),(2309,2,8,196),(2310,2,9,196),(2311,3,93,196),(2312,4,30,196),(2313,5,35,196),(2314,8,61,196),(2315,9,66,196),(2316,10,72,196),(2317,10,73,196),(2318,11,84,196),(2319,12,101,196),(2320,12,100,196),(2321,12,95,196),(2322,13,89,196),(2323,14,118,196),(2324,1,13,198),(2325,1,14,198),(2326,1,15,198),(2327,1,20,198),(2328,2,2,198),(2329,2,7,198),(2330,2,4,198),(2331,3,91,198),(2332,4,31,198),(2333,5,35,198),(2334,8,61,198),(2335,9,66,198),(2336,10,71,198),(2337,10,76,198),(2338,10,79,198),(2339,11,85,198),(2340,12,95,198),(2341,12,99,198),(2342,12,100,198),(2343,12,112,198),(2344,13,89,198),(2345,14,117,198),(2346,1,14,199),(2347,2,3,199),(2348,3,94,199),(2349,4,107,199),(2350,5,34,199),(2351,8,61,199),(2352,9,66,199),(2353,10,67,199),(2354,10,76,199),(2355,11,84,199),(2356,12,97,199),(2357,13,86,199),(2358,14,117,199),(2359,1,13,200),(2360,1,14,200),(2361,1,18,200),(2362,2,2,200),(2363,2,4,200),(2364,2,7,200),(2365,3,91,200),(2366,4,107,200),(2367,5,36,200),(2368,8,61,200),(2369,9,66,200),(2370,10,67,200),(2371,10,69,200),(2372,11,85,200),(2373,12,95,200),(2374,12,97,200),(2375,13,86,200),(2376,14,116,200),(2377,1,13,201),(2378,1,14,201),(2379,1,16,201),(2380,1,26,201),(2381,2,2,201),(2382,2,4,201),(2383,2,7,201),(2384,3,91,201),(2385,4,31,201),(2386,5,36,201),(2387,8,62,201),(2388,9,65,201),(2389,10,68,201),(2390,11,83,201),(2391,12,95,201),(2392,12,97,201),(2393,12,113,201),(2394,13,89,201),(2395,14,118,201),(2396,1,18,202),(2397,1,20,202),(2398,1,22,202),(2399,2,2,202),(2400,2,4,202),(2401,2,7,202),(2402,3,91,202),(2403,4,107,202),(2404,5,36,202),(2405,8,61,202),(2406,9,64,202),(2407,10,72,202),(2408,10,73,202),(2409,11,84,202),(2410,12,95,202),(2411,12,97,202),(2412,1,15,203),(2413,1,19,203),(2414,1,18,203),(2415,2,2,203),(2416,2,4,203),(2417,2,7,203),(2418,3,91,203),(2419,4,107,203),(2420,5,115,203),(2421,8,62,203),(2422,9,64,203),(2423,10,76,203),(2424,10,79,203),(2425,11,85,203),(2426,12,95,203),(2427,12,96,203),(2428,13,89,203),(2429,14,116,203),(2430,1,13,204),(2431,2,10,204),(2432,3,91,204),(2433,4,30,204),(2434,5,33,204),(2435,8,62,204),(2436,9,64,204),(2437,10,67,204),(2438,11,84,204),(2439,12,95,204),(2440,13,86,204),(2441,14,117,204),(2442,1,13,205),(2443,2,4,205),(2444,3,91,205),(2445,4,30,205),(2446,5,33,205),(2447,8,62,205),(2448,9,66,205),(2449,10,67,205),(2450,11,85,205),(2451,12,95,205),(2452,13,86,205),(2453,14,116,205);
/*!40000 ALTER TABLE `answer` ENABLE KEYS */;
UNLOCK TABLES;

--
-- Table structure for table `choice`
--

DROP TABLE IF EXISTS `choice`;
/*!40101 SET @saved_cs_client     = @@character_set_client */;
/*!50503 SET character_set_client = utf8mb4 */;
CREATE TABLE `choice` (
  `option_id` int NOT NULL AUTO_INCREMENT,
  `question_id` int NOT NULL,
  `choice_description` varchar(250) NOT NULL,
  PRIMARY KEY (`option_id`),
  KEY `question_id` (`question_id`),
  CONSTRAINT `choice_ibfk_1` FOREIGN KEY (`question_id`) REFERENCES `question` (`question_id`)
) ENGINE=InnoDB AUTO_INCREMENT=128 DEFAULT CHARSET=utf8mb4 COLLATE=utf8mb4_0900_ai_ci;
/*!40101 SET character_set_client = @saved_cs_client */;

--
-- Dumping data for table `choice`
--

LOCK TABLES `choice` WRITE;
/*!40000 ALTER TABLE `choice` DISABLE KEYS */;
INSERT INTO `choice` VALUES (1,2,'Communication skill'),(2,2,'Strong ethic'),(4,2,'Big picture thinking'),(5,2,'Team player'),(6,2,'Leadership'),(7,2,'Initiative'),(8,2,'Honesty'),(10,2,'Time management'),(11,2,'Stress management'),(13,1,'AWS'),(14,1,'JavaScript'),(15,1,'Phython'),(16,1,'Java'),(17,1,'PHP'),(18,1,'C#'),(19,1,'R'),(20,1,'Flutter'),(21,1,'Ruby'),(22,1,'Angular'),(23,1,'Typescript'),(24,1,'SQL'),(25,1,'C++'),(26,1,'Ionic'),(30,4,'Male'),(31,4,'Other'),(33,5,'Black'),(34,5,'Coloured'),(35,5,'Indian'),(36,5,'White'),(60,8,'Linux'),(61,8,'Mac OS'),(62,8,'Windows'),(64,9,'Tabs'),(65,9,'Spaces'),(66,9,'It does not matter'),(67,10,'VS Code'),(68,10,'Expresso'),(69,10,'Eclipse'),(70,10,'Netbeans'),(71,10,'Xcode'),(72,10,'Coda'),(73,10,'Nitrous'),(76,10,'Visual Studio'),(77,10,'InteliJ'),(78,10,'Atom'),(79,10,'Notepad++'),(80,10,'Vim'),(81,10,'IDLE'),(83,11,'Caps Lock'),(84,11,'Shift Key'),(85,11,'It does not matter'),(86,13,'Home'),(87,13,'Office'),(89,13,'Both'),(91,3,'18-24'),(92,3,'25-34'),(93,3,'35-44'),(94,3,'45-54'),(95,12,'Artificial Intelligence'),(96,12,'Cloud Computing'),(97,12,'Block Chain'),(98,12,'DevOps'),(99,12,'Cyber Security'),(100,12,'Machine Learning'),(101,12,'Virtual Reality Apps'),(105,5,'Asian'),(107,4,'Female'),(108,10,'Android Studio'),(109,10,'Sublime Text'),(111,10,'Pycharm'),(112,12,'Data Science'),(113,12,'Robotic Process Automation(RPA)'),(114,12,'Internet of Things(IoT)'),(115,5,'It does not matter'),(116,14,'Only 1'),(117,14,'1-10'),(118,14,'10-20'),(119,14,'20-30'),(120,14,'30-40'),(121,14,'40-50'),(122,14,'50+'),(126,1,'Swift'),(127,2,'Inclusive');
/*!40000 ALTER TABLE `choice` ENABLE KEYS */;
UNLOCK TABLES;

--
-- Table structure for table `Other`
--

DROP TABLE IF EXISTS `Other`;
/*!40101 SET @saved_cs_client     = @@character_set_client */;
/*!50503 SET character_set_client = utf8mb4 */;
CREATE TABLE `Other` (
  `other_id` int NOT NULL AUTO_INCREMENT,
  `other_description` varchar(20) NOT NULL,
  `respondent_id` int NOT NULL,
  `question_id` int NOT NULL,
  PRIMARY KEY (`other_id`)
) ENGINE=InnoDB DEFAULT CHARSET=utf8mb4 COLLATE=utf8mb4_0900_ai_ci;
/*!40101 SET character_set_client = @saved_cs_client */;

--
-- Dumping data for table `Other`
--

LOCK TABLES `Other` WRITE;
/*!40000 ALTER TABLE `Other` DISABLE KEYS */;
/*!40000 ALTER TABLE `Other` ENABLE KEYS */;
UNLOCK TABLES;

--
-- Table structure for table `question`
--

DROP TABLE IF EXISTS `question`;
/*!40101 SET @saved_cs_client     = @@character_set_client */;
/*!50503 SET character_set_client = utf8mb4 */;
CREATE TABLE `question` (
  `question_id` int NOT NULL AUTO_INCREMENT,
  `question_description` varchar(250) NOT NULL,
  `question_type` varchar(250) NOT NULL,
  `ordinality_type` varchar(259) NOT NULL,
  PRIMARY KEY (`question_id`)
) ENGINE=InnoDB AUTO_INCREMENT=15 DEFAULT CHARSET=utf8mb4 COLLATE=utf8mb4_0900_ai_ci;
/*!40101 SET character_set_client = @saved_cs_client */;

--
-- Dumping data for table `question`
--

LOCK TABLES `question` WRITE;
/*!40000 ALTER TABLE `question` DISABLE KEYS */;
INSERT INTO `question` VALUES (1,'Which technical skills are you looking for?','multiple','Mandatory'),(2,'Which soft skills are you looking for?','multiple','Mandatory'),(3,'What age range are you looking for?','multiple','Mandatory'),(4,'Select gender for candidate','multiple','Mandatory'),(5,'Which race are you looking for?','multiple','Mandatory'),(8,'What is the most used operating system in your company?','multiple','Mandatory'),(9,'Do you prefer a developer that uses tabs or spaces?','single','Optional'),(10,'What is the most preferred IDE in your company?','multiple','Optional'),(11,'Do you prefer a developer that uses caps lock or shift Key?','single','Optional'),(12,'Which technologies would you like to transition to in future?','multiple','Optional'),(13,'Do you prefer a candidate that works from home or works in office?','single','Mandatory'),(14,'How many people are you looking for?','single','Mandatory');
/*!40000 ALTER TABLE `question` ENABLE KEYS */;
UNLOCK TABLES;

--
-- Table structure for table `respondent`
--

DROP TABLE IF EXISTS `respondent`;
/*!40101 SET @saved_cs_client     = @@character_set_client */;
/*!50503 SET character_set_client = utf8mb4 */;
CREATE TABLE `respondent` (
  `respondent_id` int NOT NULL AUTO_INCREMENT,
  `company_name` varchar(250) NOT NULL,
  `respondent_name` varchar(250) DEFAULT NULL,
  `Email` varchar(255) DEFAULT NULL,
  PRIMARY KEY (`respondent_id`)
) ENGINE=InnoDB AUTO_INCREMENT=206 DEFAULT CHARSET=utf8mb4 COLLATE=utf8mb4_0900_ai_ci;
/*!40101 SET character_set_client = @saved_cs_client */;

--
-- Dumping data for table `respondent`
--

LOCK TABLES `respondent` WRITE;
/*!40000 ALTER TABLE `respondent` DISABLE KEYS */;
INSERT INTO `respondent` VALUES (1,'DA','ke',NULL),(2,'BA','Rose',NULL),(3,'DA','Mel',NULL),(4,'SABC','Mpendulo',NULL),(5,'Rorororo','Rararara',NULL),(6,'bas','desmond',NULL),(7,'ASE','SED',NULL),(8,'ddd','ddd',NULL),(9,'nnn','bbb',NULL),(10,'nnn','bbb',NULL),(11,'nnn','bbb',NULL),(12,'ggg','mpendulo',NULL),(13,'ccc','ddd',NULL),(14,'ddd','ddd',NULL),(15,'uu','bbb',NULL),(16,'DD','DD',NULL),(17,'ddd','dd',NULL),(18,'MF','manaledi',NULL),(19,'ggg','ggg',NULL),(20,'Da','Rose',NULL),(21,'da','nomfundo',NULL),(22,'sss','hhh',NULL),(23,'asnghx','asnbz`ahb',NULL),(24,'sgsa','bgab',NULL),(25,'KD','Kedibone',NULL),(26,'DA','NOMFUNDO',NULL),(27,'lkjhgf','lkjhgf',NULL),(28,'ABSA','Tsholofelo',NULL),(29,'DA','Mel',NULL),(30,'Ledi','Manaledi',NULL),(31,'Da','Rose',NULL),(32,'fintech','mpendulo',NULL),(33,'DA','masingita',NULL),(34,'Delloite','Tsholofelo',NULL),(35,'DA','JJ',NULL),(36,'DA','Mikateko',NULL),(37,'SegoTechs','Lesego',NULL),(38,'SA','Tsgholo',NULL),(39,'jj','jj',NULL),(40,'DA','victor',NULL),(41,'as','sd',NULL),(42,'asm','smzxnb',NULL),(43,'Da','Ndala',NULL),(44,'DA','Melisha',NULL),(45,'absa','singi',NULL),(46,'DA','Gery',NULL),(47,'DA','JJ',NULL),(48,'jjjn','huhh',NULL),(49,'ggg','gg',NULL),(50,'VV','Rose',NULL),(51,'ddd','ff',NULL),(52,'hh','oo',NULL),(53,'ABSA','Roaey',NULL),(54,'DA','Rose',NULL),(55,'DA','nimix',NULL),(56,'nnnn ','jjjj',NULL),(57,'Mel','T',NULL),(58,'ABSA','Judith',NULL),(59,'DA','singi',NULL),(60,'CA','Judith',NULL),(61,'FFF','CCC',NULL),(62,'sxa','ks',NULL),(63,'Lesego','Hlami',NULL),(64,'YY','DD',NULL),(65,'deg','mlolo',NULL),(66,'hhu','fff',NULL),(67,'ohb','mkhulu',NULL),(68,'obc','mkhuliu',NULL),(69,'BB','HH',NULL),(70,'DA','Abel',NULL),(71,'ddd','ddd',NULL),(72,'absa','mpendulo',NULL),(73,'jjj','hhh',NULL),(74,'ABSA','Rose',NULL),(75,'ABSA','Rose',NULL),(76,'MTN','Nana',NULL),(77,'RS','Annah',NULL),(78,'ss','cc',NULL),(79,'bgg','nh',NULL),(80,'ABSA','Rose',NULL),(81,'hhh','gg',NULL),(82,'BBD','Mpendulo',NULL),(83,'nhm','tyyy',NULL),(84,'DA','singi',NULL),(85,'hhh','jjj',NULL),(86,'jjjjjj','hghg',NULL),(87,'PLK','Judith',NULL),(88,'bbd','Mpendulo',NULL),(89,'Ndala','Nomfundo',NULL),(90,'ddd','ddd',NULL),(91,'as','lkjhs',NULL),(92,'ABSA','Mpendulo',NULL),(93,'KD','Kedibone',NULL),(94,'SABC','JUDY',NULL),(95,'yy','ggg',NULL),(96,'yyyh','hhyy',NULL),(97,'yyd','mlju',NULL),(98,'gg','jjjj',NULL),(99,'da','wena william',NULL),(100,'guh','singi',NULL),(101,'DOH','Zet',NULL),(102,'SBAC','Masingita',NULL),(103,'dd','ss',NULL),(104,'sss','sss',NULL),(105,'Absa','Rose',NULL),(106,'Absa','Rose',NULL),(107,'absa','Rose',NULL),(108,'1234','local',NULL),(109,'ANC','Roseeeey',NULL),(110,'fghh','frds',NULL),(111,'njkik','nb',NULL),(112,'LOL','Tsholo',NULL),(113,'QE','Queen',NULL),(114,'Re','Mpendulo',NULL),(115,'kkjj','ghhjji',NULL),(116,'ghjjj','hhh',NULL),(117,'Digital Ac','Jiyane',NULL),(118,'LM','Tsholofelo',NULL),(119,'DA','Rose',NULL),(120,'ABSA','Nomfundo',NULL),(121,'ABSA','Mpendulo',NULL),(122,'LM','Judy',NULL),(123,'LM','Tsholofelo',NULL),(124,'AWS','Tsholofelo',NULL),(125,'Absa','Rose',NULL),(126,'Absa','Rose',NULL),(127,'Absa','Rose',NULL),(128,'DA','Tsholofelo',NULL),(129,'ff','ggg',NULL),(130,'SAB','Rose',NULL),(131,'ABsa','Rose',NULL),(132,'da','tSHOLO',NULL),(133,'DA','masi',NULL),(134,'SASCO','Tsholofelo',NULL),(135,'banv','mbsz ',NULL),(136,'uhj9','hhhh',NULL),(137,'kmnli','nbkujhbnm',NULL),(138,'   ','   ',NULL),(139,'   ','   ',NULL),(140,'   ','   ',NULL),(141,'ABSA','Judith',NULL),(142,'ABSA','Rose',NULL),(143,'DA','Rose',NULL),(144,'asf','hgsa`',NULL),(145,'scfe','snz',NULL),(146,'aZV','asv',NULL),(147,'absa','Roseq',NULL),(148,'pp','jn',NULL),(149,'DA','Rose',NULL),(150,'Telkom','Sam',NULL),(151,'ABsa','Mpendulo',NULL),(152,'uu','Zaa',NULL),(153,'DA','Zama',NULL),(154,'ASS','AS',NULL),(155,'DA','Tsholofelo',NULL),(156,'hjfvyuhj','ftfv',NULL),(157,'vv','hbb',NULL),(158,'dd','ddd',NULL),(159,'b','h',NULL),(160,'k','j',NULL),(161,'dd','Rose',NULL),(162,'ABSA','Rose',NULL),(163,'MTN','Neo',NULL),(164,'xx','xx',NULL),(165,'Abss','Rose',NULL),(166,'DA','Rose',NULL),(167,'LSG','Hlama',NULL),(168,'kk','Kedi',NULL),(169,'nhh','bh',NULL),(170,'ABSA','Rose',NULL),(171,'NBA','Rose',NULL),(172,'jjj','hhh',NULL),(173,'uuu','yhh',NULL),(174,'ABSA','Rose','rose@absa.co.za'),(175,'kkkkk','jjjjj',NULL),(176,'fff','fff',NULL),(177,'hjj','gb',NULL),(178,'hgyg','ggg',NULL),(179,'hjkj','hhh',NULL),(180,'dd','dd',NULL),(181,'FNB','Neo',NULL),(182,'dd','d',NULL),(183,'hh','gg',NULL),(184,'dd','dd',NULL),(185,'Absa','Rose',NULL),(186,'DA','Nomfundo',NULL),(187,'Nedbank','Judith',NULL),(188,'cmjdn','jxdjd',NULL),(189,'MTN','Rose',NULL),(190,'DA','Rose',NULL),(191,'AS','zama','zama@gmail.com'),(192,'DA','Judith Mathabathe','judith@gmail.com'),(193,'DA','Tsholo','rose@gmail.com'),(194,'DA','rose','rose@da.com'),(195,'asb','dsbz','zxbcx'),(196,'ABSA','Rose','rose@absa.co.za'),(197,'DD','Rose','ertdyghjkl'),(198,'ABSA','Sfiso','sfiso@absa.co.za'),(199,'Home','Rose','rose@home.co.za'),(200,'Absa','Rose','rose@gmail.com'),(201,'DA','Tsholo','tshologmail.com'),(202,'ABSA','Sifiso','sifiso@gmail.com'),(203,'ABSA','Sifiso','Sifiso@absa.co.za'),(204,'BBG','Mpendulo','mpendulo@gmail.com'),(205,'ansb','nb','zxb');
/*!40000 ALTER TABLE `respondent` ENABLE KEYS */;
UNLOCK TABLES;
/*!40103 SET TIME_ZONE=@OLD_TIME_ZONE */;

/*!40101 SET SQL_MODE=@OLD_SQL_MODE */;
/*!40014 SET FOREIGN_KEY_CHECKS=@OLD_FOREIGN_KEY_CHECKS */;
/*!40014 SET UNIQUE_CHECKS=@OLD_UNIQUE_CHECKS */;
/*!40101 SET CHARACTER_SET_CLIENT=@OLD_CHARACTER_SET_CLIENT */;
/*!40101 SET CHARACTER_SET_RESULTS=@OLD_CHARACTER_SET_RESULTS */;
/*!40101 SET COLLATION_CONNECTION=@OLD_COLLATION_CONNECTION */;
/*!40111 SET SQL_NOTES=@OLD_SQL_NOTES */;

-- Dump completed on 2021-05-14 11:38:15
